{
  "__type__": "cc.Skeleton",
  "_name": "Skin-0",
  "_objFlags": 0,
  "_native": "",
  "_joints": [
    "RootNode/Armature/Master",
    "RootNode/Armature/Master/string",
    "RootNode/Armature/Master/Bow_a1",
    "RootNode/Armature/Master/Bow_a1/Bow_a2",
    "RootNode/Armature/Master/Bow_a1/Bow_a2/Bow_a3",
    "RootNode/Armature/Master/Bow_a1/Bow_a2/Bow_a3/Bow_a4",
    "RootNode/Armature/Master/Bow_b1",
    "RootNode/Armature/Master/Bow_b1/Bow_b2",
    "RootNode/Armature/Master/Bow_b1/Bow_b2/Bow_b3",
    "RootNode/Armature/Master/Bow_b1/Bow_b2/Bow_b3/Bow_b4"
  ],
  "_bindposes": [
    {
      "__type__": "cc.Mat4",
      "m00": 1.0161774710366917e-7,
      "m01": 3.1391653010360707e-7,
      "m02": 1.0000001192093206,
      "m03": 0,
      "m04": -1.0000001192093206,
      "m05": 3.189947510646239e-14,
      "m06": 1.0161769026025031e-7,
      "m07": 0,
      "m08": 2.565356731117005e-22,
      "m09": -1.0000001192092896,
      "m10": 3.139165301035973e-7,
      "m11": 0,
      "m12": 0,
      "m13": 0,
      "m14": 0,
      "m15": 1
    },
    {
      "__type__": "cc.Mat4",
      "m00": 1.0161774710366917e-7,
      "m01": 3.139165585253165e-7,
      "m02": 1.0000001192093206,
      "m03": 0,
      "m04": -1.0000001192093206,
      "m05": 3.1899477091183985e-14,
      "m06": 1.0161769026025031e-7,
      "m07": 0,
      "m08": 2.565356731117005e-22,
      "m09": -1.0000001192092896,
      "m10": 3.1391655852530675e-7,
      "m11": 0,
      "m12": 0.25019949674606323,
      "m13": 0.03949052467942238,
      "m14": -5.0175806620700314e-8,
      "m15": 1
    },
    {
      "__type__": "cc.Mat4",
      "m00": -6.679619436997012e-8,
      "m01": 1.000000119209314,
      "m02": -5.350118834171463e-8,
      "m03": 0,
      "m04": 0.1366746574640406,
      "m05": 6.212846770166456e-8,
      "m06": 0.9906160235405197,
      "m07": 0,
      "m08": 0.990615963935852,
      "m09": 5.885712539566157e-8,
      "m10": -0.1366746574640274,
      "m11": 0,
      "m12": -0.15798716247081757,
      "m13": -1.8007568769462523e-8,
      "m14": 0.019609684124588966,
      "m15": 1
    },
    {
      "__type__": "cc.Mat4",
      "m00": -4.384116012238788e-8,
      "m01": 3.642742442805186e-7,
      "m02": 1.0000001192093646,
      "m03": 0,
      "m04": 0.27494910359383756,
      "m05": -0.9614588618279252,
      "m06": 3.622886772781213e-7,
      "m07": 0,
      "m08": 0.9614587426185608,
      "m09": 0.27494916319847107,
      "m10": -5.8005404923733295e-8,
      "m11": 0,
      "m12": -0.49010780453681946,
      "m13": -0.08959081768989563,
      "m14": -2.79176598505515e-10,
      "m15": 1
    },
    {
      "__type__": "cc.Mat4",
      "m00": -1.3163809764345862e-7,
      "m01": 3.1312314587408476e-7,
      "m02": 1.0000001192093608,
      "m03": 0,
      "m04": 0.3621694147587095,
      "m05": -0.932112395763463,
      "m06": 3.395411916052412e-7,
      "m07": 0,
      "m08": 0.9321123361587524,
      "m09": 0.36216944456100464,
      "m10": 9.297893122095502e-9,
      "m11": 0,
      "m12": -0.724532961845398,
      "m13": -0.15685951709747314,
      "m14": -4.6967315370238794e-8,
      "m15": 1
    },
    {
      "__type__": "cc.Mat4",
      "m00": -6.357440684765175e-8,
      "m01": 3.646527768950862e-8,
      "m02": 1.0000001192093129,
      "m03": 0,
      "m04": 0.3268299102783356,
      "m05": -0.9450833201408579,
      "m06": 5.524073642744584e-8,
      "m07": 0,
      "m08": 0.9450832009315491,
      "m09": 0.3268299400806427,
      "m10": 4.816515541961053e-8,
      "m11": 0,
      "m12": -0.9542525410652161,
      "m13": -0.12102910131216049,
      "m14": -2.7449678086099993e-8,
      "m15": 1
    },
    {
      "__type__": "cc.Mat4",
      "m00": 1.2300920871966886e-7,
      "m01": 1.0000001192090708,
      "m02": -0.0000013766498338241176,
      "m03": 0,
      "m04": 0.13667468726633097,
      "m05": -0.0000013805434484503086,
      "m06": -0.9906161427495681,
      "m07": 0,
      "m08": -0.9906160235404968,
      "m09": -6.629826287962715e-8,
      "m10": -0.1366746872663498,
      "m11": 0,
      "m12": -0.15798720717430115,
      "m13": -1.6065529351294572e-8,
      "m14": -0.019609708338975906,
      "m15": 1
    },
    {
      "__type__": "cc.Mat4",
      "m00": 1.2234298781931904e-7,
      "m01": 7.164768620531215e-7,
      "m02": 0.9999999999998922,
      "m03": 0,
      "m04": 0.27494904398916475,
      "m05": 0.9614590406416773,
      "m06": -7.225009900357822e-7,
      "m07": 0,
      "m08": -0.9614588618278503,
      "m09": 0.2749490737915039,
      "m10": -7.936684198739385e-8,
      "m11": 0,
      "m12": -0.49010786414146423,
      "m13": 0.08959078788757324,
      "m14": -8.018863439929191e-8,
      "m15": 1
    },
    {
      "__type__": "cc.Mat4",
      "m00": 1.4495973946157848e-7,
      "m01": 2.7664558747916507e-7,
      "m02": 0.9999999999999617,
      "m03": 0,
      "m04": 0.3621693253516957,
      "m05": 0.932112574577298,
      "m06": -3.1036468806089134e-7,
      "m07": 0,
      "m08": -0.9321123957633972,
      "m09": 0.36216938495635986,
      "m10": 3.492624145451373e-8,
      "m11": 0,
      "m12": -0.7245330810546875,
      "m13": 0.15685947239398956,
      "m14": -4.441290002432652e-8,
      "m15": 1
    },
    {
      "__type__": "cc.Mat4",
      "m00": 1.5217279195142143e-7,
      "m01": 6.309870829158e-7,
      "m02": 0.9999999999999051,
      "m03": 0,
      "m04": 0.32682982087133206,
      "m05": 0.945083439350035,
      "m06": -6.460697837828918e-7,
      "m07": 0,
      "m08": -0.9450832009315491,
      "m09": 0.32682982087135315,
      "m10": -6.240939143253854e-8,
      "m11": 0,
      "m12": -0.9542526602745056,
      "m13": 0.12102901190519333,
      "m14": -6.966550358811219e-8,
      "m15": 1
    }
  ]
}